,ML precision,ML recovery,CV2 precision,CV2 recovery
LK_LSK_D2_exp3_library_d2_1,1.0,1.0,0.9583333333333334,1.0
LK_LSK_D2_exp3_library_d2_2,0.9795918367346939,1.0,0.9583333333333334,1.0
LK_LSK_D2_exp3_library_d2_3,0.9375,1.0,0.9411764705882353,1.0
LK_LSK_D2_exp3_library_d2_4,0.9761904761904762,1.0,0.9512195121951219,1.0
LK_LSK_D2_exp3_library_d2_5,0.9791666666666666,0.9791666666666666,0.9803921568627451,0.9803921568627451
