,ML precision,ML recovery,CV2 precision,CV2 recovery
LSK_D2_exp1_library_LSK_d2_1,0.8305084745762712,0.9423076923076923,0.8028169014084507,0.95
LSK_D2_exp1_library_LSK_d2_2,0.7126436781609196,0.8985507246376812,0.6904761904761905,0.9666666666666667
LSK_D2_exp1_library_LSK_d2_3,0.8461538461538461,0.9649122807017544,0.7971014492753623,0.9482758620689655
